{"cameraMode":{"drawMode":0,"name":"Shaded","section":"Shading Mode"},"sceneLighting":true,"audioPlay":false,"sceneViewState":{"m_AlwaysRefresh":false,"showFog":true,"showSkybox":true,"showFlares":true,"showImageEffects":true,"showParticleSystems":true,"showVisualEffectGraphs":true,"m_FxEnabled":true},"in2DMode":false,"pivot":{"x":-21.286760330200197,"y":-0.3192441165447235,"z":-12.473304748535157},"rotation":{"x":-0.06602310389280319,"y":0.7002438306808472,"z":-0.06360261887311936,"w":-0.7077714204788208},"size":11.802148818969727,"orthographic":false}