{"cameraMode":{"drawMode":0,"name":"Shaded","section":"Shading Mode"},"sceneLighting":true,"audioPlay":false,"sceneViewState":{"m_AlwaysRefresh":false,"showFog":true,"showSkybox":true,"showFlares":true,"showImageEffects":true,"showParticleSystems":true,"showVisualEffectGraphs":true,"m_FxEnabled":true},"in2DMode":false,"pivot":{"x":458.7399597167969,"y":251.89195251464845,"z":26.882600784301759},"rotation":{"x":-0.10355480760335922,"y":0.03639254719018936,"z":-0.0037937420420348646,"w":-0.9939627647399902},"size":127.79640197753906,"orthographic":false}