{"cameraMode":{"drawMode":0,"name":"Shaded","section":"Shading Mode"},"sceneLighting":true,"audioPlay":false,"sceneViewState":{"m_AlwaysRefresh":false,"showFog":true,"showSkybox":true,"showFlares":true,"showImageEffects":true,"showParticleSystems":true,"showVisualEffectGraphs":true,"m_FxEnabled":true},"in2DMode":false,"pivot":{"x":-7.724813461303711,"y":3.42604660987854,"z":1.4676628112792969},"rotation":{"x":-0.02282671071588993,"y":0.02245667576789856,"z":0.0007111019804142416,"w":-0.9993300437927246},"size":11.802148818969727,"orthographic":false}