{"cameraMode":{"drawMode":0,"name":"Shaded","section":"Shading Mode"},"sceneLighting":false,"audioPlay":false,"sceneViewState":{"m_AlwaysRefresh":false,"showFog":true,"showSkybox":false,"showFlares":true,"showImageEffects":true,"showParticleSystems":true,"showVisualEffectGraphs":true,"m_FxEnabled":true},"in2DMode":false,"pivot":{"x":-5.431859970092773,"y":7.328789710998535,"z":-11.82473373413086},"rotation":{"x":-0.02282671071588993,"y":0.02245667576789856,"z":0.0007111019804142416,"w":-0.9993300437927246},"size":1.4162501096725464,"orthographic":false}